date,baseline,opponent,archetype,games,lathril_wins,opponent_wins,draws,lathril_win_rate_all,lathril_win_rate_decisive,average_turn,min_turn,max_turn,seed_a,seed_b,full_timeouts,celestial_reunion_ai_failures,other_ai_card_failures,notes
2026-09-05,arena-0.3.2-cost-proxy,"Nashi, Illusion Gadgeteer",Sultai control/value,100,49,51,0,49.0%,49.0%,10.80,5,25,32001,32004,0,7,0,BrawlREC snapshot
2026-09-05,arena-0.3.2-cost-proxy,"Yuriko, the Tiger's Shadow",Dimir tempo,100,56,43,1,56.0%,56.6%,9.69,6,19,32002,32005,1,9,0,BrawlREC snapshot
2026-09-05,arena-0.3.2-cost-proxy,"Grist, the Hunger Tide",Golgari creature/graveyard,100,31,67,2,31.0%,31.6%,8.90,5,15,32003,32006,2,20,0,AetherHub snapshot
2026-09-05,arena-0.3.2-cost-proxy,"Emry, Lurker of the Loch",Mono-blue artifact combo,100,74,26,0,74.0%,74.0%,8.90,5,14,32007,32014,0,11,1,MTGDecks snapshot; Forge combo AI caveat
2026-09-05,arena-0.3.2-cost-proxy,"Katara, Waterbending Master",Mono-blue control/tempo,100,82,18,0,82.0%,82.0%,10.67,6,25,32008,32015,0,11,0,BrawlREC snapshot; Forge control AI caveat
2026-09-05,arena-0.3.2-cost-proxy,"Merry, Esquire of Rohan",Boros legendary aggro,100,31,68,1,31.0%,31.3%,7.96,4,17,32009,32016,1,7,5,BrawlREC snapshot
2026-09-05,arena-0.3.2-cost-proxy,"Phelia, Exuberant Shepherd",Mono-white blink/taxes,100,29,70,1,29.0%,29.3%,9.06,5,17,32010,32017,1,15,0,MTGGoldfish snapshot
2026-09-05,arena-0.3.2-cost-proxy,"Raffine, Scheming Seer",Esper tempo,100,53,47,0,53.0%,53.0%,9.48,6,24,32011,32018,0,11,1,MTGDecks Platinum snapshot
2026-09-05,arena-0.3.2-cost-proxy,"Rofellos, Llanowar Emissary",Mono-green ramp,100,25,74,1,25.0%,25.3%,7.49,4,13,32012,32019,1,6,0,BrawlREC snapshot
2026-09-05,arena-0.3.2-cost-proxy,Spider-Man 2099,Izzet control/value,100,56,44,0,56.0%,56.0%,10.09,6,21,32013,32020,0,9,1,MTGDecks Platinum snapshot; Forge control AI caveat
2026-09-05,arena-0.3.2-cost-proxy,ALL,Ten-opponent spectrum,1000,486,508,6,48.6%,48.9%,9.30,4,25,32001,32020,6,106,8,Aggregate; full timeouts manually treated as draws
